"SNP","CHROM","POS","REF","ALT","Effect","SE","BW.GLM"
"8_36799139",8,36799139,"T","G",-257.390128438609,32.7301440759615,2.53547993784652e-11
"8_36799147",8,36799147,"C","G",-249.972262867544,34.3746508839136,3.25146667712649e-10
"32_11093391",32,11093391,"T","G",206.004641781646,29.3802300266544,9.91127419588269e-10
"39_18610583",39,18610583,"A","G",-212.164971893154,29.017673285721,2.74326743200703e-10
"49_18340964",49,18340964,"T","C",279.781767855164,40.592140592027,1.64740726952196e-09
"49_18359468",49,18359468,"T","C",268.390802032533,38.5265883619363,1.20250004162109e-09
"49_18412447",49,18412447,"A","G",279.781767855164,40.592140592027,1.64740726952196e-09
"49_18412648",49,18412648,"C","T",279.781767855164,40.592140592027,1.64740726952196e-09
"49_18413911",49,18413911,"T","A",279.781767855164,40.592140592027,1.64740726952196e-09
"49_18414356",49,18414356,"T","A",279.781767855164,40.592140592027,1.64740726952196e-09
"49_18420139",49,18420139,"C","A",219.115915548683,31.6134034813988,1.39763991690578e-09
"49_18457452",49,18457452,"A","G",268.390802032533,38.5265883619363,1.20250004162109e-09
"49_18492618",49,18492618,"G","A",279.781767855164,40.592140592027,1.64740726952196e-09
"49_18493551",49,18493551,"G","T",279.781767855164,40.592140592027,1.64740726952196e-09
"49_18525714",49,18525714,"A","C",279.781767855164,40.592140592027,1.64740726952196e-09
"49_18525825",49,18525825,"T","A",279.781767855164,40.592140592027,1.64740726952196e-09
"49_18693622",49,18693622,"A","G",279.781767855164,40.592140592027,1.64740726952196e-09
"49_18739679",49,18739679,"G","C",199.820610338868,25.7323659526955,3.88340809713095e-11
"49_18751083",49,18751083,"A","C",213.702912333469,29.8118267189672,5.0701144921918e-10
"49_18757311",49,18757311,"T","C",268.390802032533,38.5265883619363,1.20250004162109e-09
"49_18809215",49,18809215,"C","T",279.781767855164,40.592140592027,1.64740726952196e-09
"49_18822262",49,18822262,"T","G",279.781767855164,40.592140592027,1.64740726952196e-09
"49_19023668",49,19023668,"G","A",268.390802032533,38.5265883619363,1.20250004162109e-09
"49_19646976",49,19646976,"T","C",279.781767855164,40.592140592027,1.64740726952196e-09
"49_19661609",49,19661609,"G","C",214.835952710994,31.1112640186487,1.55937174391935e-09
"49_19856465",49,19856465,"T","A",279.781767855164,40.592140592027,1.64740726952196e-09
"49_20024109",49,20024109,"G","A",268.390802032533,38.5265883619363,1.20250004162109e-09
"49_20061255",49,20061255,"G","T",-212.117500480113,30.429104446902,1.17965289036644e-09
"49_20181715",49,20181715,"C","T",264.778645667375,33.1080588331205,1.42409213877912e-11
"49_20360298",49,20360298,"A","T",268.390802032533,38.5265883619363,1.20250004162109e-09
"49_20381564",49,20381564,"A","G",274.527100203069,34.6349649886477,1.93687964423051e-11
"49_20465609",49,20465609,"C","T",279.781767855164,40.592140592027,1.64740726952196e-09
"49_20527501",49,20527501,"T","A",279.781767855164,40.592140592027,1.64740726952196e-09
"49_20527504",49,20527504,"A","G",279.781767855164,40.592140592027,1.64740726952196e-09
"49_20610820",49,20610820,"A","G",279.781767855164,40.592140592027,1.64740726952196e-09
"49_20619179",49,20619179,"G","A",268.390802032533,38.5265883619363,1.20250004162109e-09
"49_20626161",49,20626161,"C","T",279.781767855164,40.592140592027,1.64740726952196e-09
"49_20627320",49,20627320,"A","G",268.390802032533,38.5265883619363,1.20250004162109e-09
"49_20724055",49,20724055,"G","A",268.390802032533,38.5265883619363,1.20250004162109e-09
"49_20729627",49,20729627,"T","G",247.549841197605,34.0446082888917,3.26064302843234e-10
"49_20811926",49,20811926,"G","C",268.390802032533,38.5265883619363,1.20250004162109e-09
"49_20825748",49,20825748,"T","C",268.390802032533,38.5265883619363,1.20250004162109e-09
"49_20842598",49,20842598,"T","G",268.390802032533,38.5265883619363,1.20250004162109e-09
"49_21055259",49,21055259,"T","A",268.390802032533,38.5265883619363,1.20250004162109e-09
"49_21055261",49,21055261,"T","G",268.390802032533,38.5265883619363,1.20250004162109e-09
"49_21132530",49,21132530,"A","T",279.781767855164,40.592140592027,1.64740726952196e-09
"49_21648726",49,21648726,"A","G",268.390802032533,38.5265883619363,1.20250004162109e-09
"49_21659786",49,21659786,"A","G",228.643724548157,33.1496870132601,1.61407218485885e-09
"49_21697568",49,21697568,"G","A",268.390802032533,38.5265883619363,1.20250004162109e-09
"49_21733799",49,21733799,"G","T",268.390802032533,38.5265883619363,1.20250004162109e-09
"49_21782039",49,21782039,"C","T",244.785040850931,33.6086439897617,3.09616983116966e-10
"49_21850605",49,21850605,"T","A",268.390802032533,38.5265883619363,1.20250004162109e-09
"49_21865098",49,21865098,"G","T",279.781767855164,40.592140592027,1.64740726952196e-09
"49_21865157",49,21865157,"T","G",279.781767855164,40.592140592027,1.64740726952196e-09
"49_21870210",49,21870210,"G","T",261.99139421686,37.4721243815777,1.07965662476484e-09
"49_21885672",49,21885672,"C","G",268.390802032533,38.5265883619363,1.20250004162109e-09
"49_21913168",49,21913168,"T","C",268.390802032533,38.5265883619363,1.20250004162109e-09
"49_21941150",49,21941150,"T","C",279.781767855164,40.592140592027,1.64740726952196e-09
"49_22178919",49,22178919,"A","G",268.390802032533,38.5265883619363,1.20250004162109e-09
"49_22178920",49,22178920,"A","T",268.390802032533,38.5265883619363,1.20250004162109e-09
"49_22180155",49,22180155,"C","T",268.390802032533,38.5265883619363,1.20250004162109e-09
"49_22188714",49,22188714,"G","A",279.781767855164,40.592140592027,1.64740726952196e-09
"49_22212468",49,22212468,"C","T",268.390802032533,38.5265883619363,1.20250004162109e-09
"49_22213364",49,22213364,"C","A",268.390802032533,38.5265883619363,1.20250004162109e-09
"49_22216234",49,22216234,"A","G",268.390802032533,38.5265883619363,1.20250004162109e-09
"49_22216253",49,22216253,"T","C",268.390802032533,38.5265883619363,1.20250004162109e-09
"49_22223813",49,22223813,"C","A",268.390802032533,38.5265883619363,1.20250004162109e-09
"49_22258458",49,22258458,"G","A",268.390802032533,38.5265883619363,1.20250004162109e-09
"49_22258513",49,22258513,"C","A",268.390802032533,38.5265883619363,1.20250004162109e-09
"49_22259312",49,22259312,"T","G",-268.390802032532,38.5265883619367,1.2025000416217e-09
"49_22268147",49,22268147,"G","C",268.390802032533,38.5265883619363,1.20250004162109e-09
"49_22287839",49,22287839,"T","C",268.390802032533,38.5265883619363,1.20250004162109e-09
"49_22289547",49,22289547,"T","A",279.781767855164,40.592140592027,1.64740726952196e-09
"49_22303378",49,22303378,"A","G",268.390802032533,38.5265883619363,1.20250004162109e-09
"49_22312798",49,22312798,"T","A",268.390802032533,38.5265883619363,1.20250004162109e-09
"49_22323554",49,22323554,"C","A",268.390802032533,38.5265883619363,1.20250004162109e-09
"49_22330414",49,22330414,"G","C",268.390802032533,38.5265883619363,1.20250004162109e-09
"49_22331007",49,22331007,"G","A",279.781767855164,40.592140592027,1.64740726952196e-09
"49_22338065",49,22338065,"A","T",-268.390802032532,38.5265883619367,1.2025000416217e-09
"49_22340187",49,22340187,"T","A",268.390802032533,38.5265883619363,1.20250004162109e-09
"49_22340191",49,22340191,"T","A",268.390802032533,38.5265883619363,1.20250004162109e-09
"49_22341985",49,22341985,"G","A",268.390802032533,38.5265883619363,1.20250004162109e-09
"49_22356197",49,22356197,"G","T",-279.781767855164,40.5921405920266,1.64740726952147e-09
"49_22357587",49,22357587,"T","C",-279.781767855164,40.5921405920266,1.64740726952147e-09
"49_22358963",49,22358963,"G","A",279.781767855164,40.592140592027,1.64740726952196e-09
"49_22361085",49,22361085,"C","T",268.390802032533,38.5265883619363,1.20250004162109e-09
"49_22363708",49,22363708,"T","G",268.390802032533,38.5265883619363,1.20250004162109e-09
"49_22364211",49,22364211,"A","T",268.390802032533,38.5265883619363,1.20250004162109e-09
"49_22381818",49,22381818,"A","T",268.390802032533,38.5265883619363,1.20250004162109e-09
"49_22389911",49,22389911,"T","A",-268.390802032532,38.5265883619367,1.2025000416217e-09
"49_22391682",49,22391682,"T","C",268.390802032533,38.5265883619363,1.20250004162109e-09
"49_22391753",49,22391753,"A","T",279.781767855164,40.592140592027,1.64740726952196e-09
"49_22418959",49,22418959,"A","T",279.781767855164,40.592140592027,1.64740726952196e-09
"49_22421362",49,22421362,"C","G",268.390802032533,38.5265883619363,1.20250004162109e-09
"49_22452388",49,22452388,"G","T",268.390802032533,38.5265883619363,1.20250004162109e-09
"49_22496320",49,22496320,"C","T",279.781767855164,40.592140592027,1.64740726952196e-09
"49_22525308",49,22525308,"T","A",268.390802032533,38.5265883619363,1.20250004162109e-09
"49_22536564",49,22536564,"C","T",268.390802032533,38.5265883619363,1.20250004162109e-09
"49_22536995",49,22536995,"G","A",268.390802032533,38.5265883619363,1.20250004162109e-09
"49_22602629",49,22602629,"T","G",279.781767855164,40.592140592027,1.64740726952196e-09
"49_22611076",49,22611076,"C","T",268.390802032533,38.5265883619363,1.20250004162109e-09
"49_22618530",49,22618530,"C","G",268.390802032533,38.5265883619363,1.20250004162109e-09
"49_22623063",49,22623063,"T","A",-279.781767855164,40.5921405920266,1.64740726952147e-09
