"SNP","CHROM","POS","REF","ALT","Effect","SE","BWD.GLM"
"49_18340964",49,18340964,"T","C",31.7097417279517,4.49489803395667,8.25044932247415e-10
"49_18412447",49,18412447,"A","G",31.7097417279517,4.49489803395667,8.25044932247415e-10
"49_18412648",49,18412648,"C","T",31.7097417279517,4.49489803395667,8.25044932247415e-10
"49_18413911",49,18413911,"T","A",31.7097417279517,4.49489803395667,8.25044932247415e-10
"49_18414356",49,18414356,"T","A",31.7097417279517,4.49489803395667,8.25044932247415e-10
"49_18487302",49,18487302,"A","G",24.9213114971096,3.22373046608766,4.51238925298284e-11
"49_18488706",49,18488706,"T","G",24.04924780533,3.44059603473282,1.08791355897695e-09
"49_18492618",49,18492618,"G","A",31.7097417279517,4.49489803395667,8.25044932247415e-10
"49_18493551",49,18493551,"G","T",31.7097417279517,4.49489803395667,8.25044932247415e-10
"49_18519107",49,18519107,"A","T",26.5916286276481,3.83805967352213,1.413838382421e-09
"49_18525602",49,18525602,"C","T",26.5916286276481,3.83805967352213,1.413838382421e-09
"49_18525714",49,18525714,"A","C",31.7097417279517,4.49489803395667,8.25044932247415e-10
"49_18525825",49,18525825,"T","A",31.7097417279517,4.49489803395667,8.25044932247415e-10
"49_18526218",49,18526218,"C","T",26.5916286276481,3.83805967352213,1.413838382421e-09
"49_18526546",49,18526546,"C","T",26.5916286276481,3.83805967352213,1.413838382421e-09
"49_18693622",49,18693622,"A","G",31.7097417279517,4.49489803395667,8.25044932247415e-10
"49_18809215",49,18809215,"C","T",31.7097417279517,4.49489803395667,8.25044932247415e-10
"49_18822262",49,18822262,"T","G",31.7097417279517,4.49489803395667,8.25044932247415e-10
"49_18942215",49,18942215,"T","A",26.5916286276481,3.83805967352213,1.413838382421e-09
"49_19646976",49,19646976,"T","C",31.7097417279517,4.49489803395667,8.25044932247415e-10
"49_19661609",49,19661609,"G","C",24.0416142288051,3.47437263975845,1.46726538396172e-09
"49_19856465",49,19856465,"T","A",31.7097417279517,4.49489803395667,8.25044932247415e-10
"49_20465609",49,20465609,"C","T",31.7097417279517,4.49489803395667,8.25044932247415e-10
"49_20527501",49,20527501,"T","A",31.7097417279517,4.49489803395667,8.25044932247415e-10
"49_20527504",49,20527504,"A","G",31.7097417279517,4.49489803395667,8.25044932247415e-10
"49_20610820",49,20610820,"A","G",31.7097417279517,4.49489803395667,8.25044932247415e-10
"49_20626161",49,20626161,"C","T",31.7097417279517,4.49489803395667,8.25044932247415e-10
"49_20729627",49,20729627,"T","G",27.0444595942383,3.86598167519343,1.06200731787837e-09
"49_21132530",49,21132530,"A","T",31.7097417279517,4.49489803395667,8.25044932247415e-10
"49_21865098",49,21865098,"G","T",31.7097417279517,4.49489803395667,8.25044932247415e-10
"49_21865157",49,21865157,"T","G",31.7097417279517,4.49489803395667,8.25044932247415e-10
"49_21870210",49,21870210,"G","T",29.8067984701595,4.137128034017,4.3394130596458e-10
"49_21941150",49,21941150,"T","C",31.7097417279517,4.49489803395667,8.25044932247415e-10
"49_22188714",49,22188714,"G","A",31.7097417279517,4.49489803395667,8.25044932247415e-10
"49_22289547",49,22289547,"T","A",31.7097417279517,4.49489803395667,8.25044932247415e-10
"49_22313480",49,22313480,"G","A",27.0013264078846,3.57373746674877,9.60431702590927e-11
"49_22331007",49,22331007,"G","A",31.7097417279517,4.49489803395667,8.25044932247415e-10
"49_22354112",49,22354112,"C","T",28.3397881309236,3.65663966497911,4.14536707297055e-11
"49_22354125",49,22354125,"A","C",28.3397881309236,3.65663966497911,4.14536707297055e-11
"49_22356197",49,22356197,"G","T",-31.7097417279515,4.49489803395513,8.25044932239071e-10
"49_22357587",49,22357587,"T","C",-31.7097417279515,4.49489803395513,8.25044932239071e-10
"49_22358963",49,22358963,"G","A",31.7097417279517,4.49489803395667,8.25044932247415e-10
"49_22391753",49,22391753,"A","T",31.7097417279517,4.49489803395667,8.25044932247415e-10
"49_22418959",49,22418959,"A","T",31.7097417279517,4.49489803395667,8.25044932247415e-10
"49_22496320",49,22496320,"C","T",31.7097417279517,4.49489803395667,8.25044932247415e-10
"49_22518727",49,22518727,"G","C",30.8262872366236,4.43861103747531,1.31711169317675e-09
"49_22602629",49,22602629,"T","G",31.7097417279517,4.49489803395667,8.25044932247415e-10
"49_22623063",49,22623063,"T","A",-31.7097417279515,4.49489803395513,8.25044932239071e-10
