"SNP","CHROM","POS","REF","ALT","Effect","SE","WL.GLM"
"8_36799139",8,36799139,"T","G",-78.374845052992,11.2627964921433,1.24233487005902e-09
"49_18359468",49,18359468,"T","C",88.7005069059987,12.4783042231626,6.55559298682335e-10
"49_18457452",49,18457452,"A","G",88.7005069059987,12.4783042231626,6.55559298682335e-10
"49_18739679",49,18739679,"G","C",62.7469492951379,8.65982848043949,3.63906452926728e-10
"49_18751083",49,18751083,"A","C",70.265233539285,9.68709972899854,3.52027045219665e-10
"49_18757311",49,18757311,"T","C",88.7005069059987,12.4783042231626,6.55559298682335e-10
"49_18941707",49,18941707,"G","A",80.2727383245369,11.6097205460144,1.50160294847605e-09
"49_19021323",49,19021323,"C","G",84.0700385993991,12.2299195526872,1.78149369321762e-09
"49_19023668",49,19023668,"G","A",88.7005069059987,12.4783042231626,6.55559298682335e-10
"49_20024109",49,20024109,"G","A",88.7005069059987,12.4783042231626,6.55559298682335e-10
"49_20181715",49,20181715,"C","T",83.383871385427,11.1373068015712,1.29062077066373e-10
"49_20360298",49,20360298,"A","T",88.7005069059987,12.4783042231626,6.55559298682335e-10
"49_20373134",49,20373134,"A","T",80.2727383245369,11.6097205460144,1.50160294847605e-09
"49_20381564",49,20381564,"A","G",83.20014436581,11.965264186204,1.27053988065805e-09
"49_20619179",49,20619179,"G","A",88.7005069059987,12.4783042231626,6.55559298682335e-10
"49_20619301",49,20619301,"T","G",80.2727383245369,11.6097205460144,1.50160294847605e-09
"49_20627320",49,20627320,"A","G",88.7005069059987,12.4783042231626,6.55559298682335e-10
"49_20724055",49,20724055,"G","A",88.7005069059987,12.4783042231626,6.55559298682335e-10
"49_20775448",49,20775448,"A","G",81.1786222615683,11.6691772069621,1.25333405696993e-09
"49_20811926",49,20811926,"G","C",88.7005069059987,12.4783042231626,6.55559298682335e-10
"49_20825748",49,20825748,"T","C",88.7005069059987,12.4783042231626,6.55559298682335e-10
"49_20842598",49,20842598,"T","G",88.7005069059987,12.4783042231626,6.55559298682335e-10
"49_21055259",49,21055259,"T","A",88.7005069059987,12.4783042231626,6.55559298682335e-10
"49_21055261",49,21055261,"T","G",88.7005069059987,12.4783042231626,6.55559298682335e-10
"49_21648726",49,21648726,"A","G",88.7005069059987,12.4783042231626,6.55559298682335e-10
"49_21659786",49,21659786,"A","G",76.9349566035157,10.6043910691806,3.49732152567838e-10
"49_21697568",49,21697568,"G","A",88.7005069059987,12.4783042231626,6.55559298682335e-10
"49_21733799",49,21733799,"G","T",88.7005069059987,12.4783042231626,6.55559298682335e-10
"49_21850605",49,21850605,"T","A",88.7005069059987,12.4783042231626,6.55559298682335e-10
"49_21870210",49,21870210,"G","T",86.1356077199325,12.1798338581611,7.65975810440731e-10
"49_21885672",49,21885672,"C","G",88.7005069059987,12.4783042231626,6.55559298682335e-10
"49_21913168",49,21913168,"T","C",88.7005069059987,12.4783042231626,6.55559298682335e-10
"49_22178919",49,22178919,"A","G",88.7005069059987,12.4783042231626,6.55559298682335e-10
"49_22178920",49,22178920,"A","T",88.7005069059987,12.4783042231626,6.55559298682335e-10
"49_22180155",49,22180155,"C","T",88.7005069059987,12.4783042231626,6.55559298682335e-10
"49_22200381",49,22200381,"T","C",80.2727383245369,11.6097205460144,1.50160294847605e-09
"49_22212468",49,22212468,"C","T",88.7005069059987,12.4783042231626,6.55559298682335e-10
"49_22213364",49,22213364,"C","A",88.7005069059987,12.4783042231626,6.55559298682335e-10
"49_22216234",49,22216234,"A","G",88.7005069059987,12.4783042231626,6.55559298682335e-10
"49_22216253",49,22216253,"T","C",88.7005069059987,12.4783042231626,6.55559298682335e-10
"49_22223813",49,22223813,"C","A",88.7005069059987,12.4783042231626,6.55559298682335e-10
"49_22258458",49,22258458,"G","A",88.7005069059987,12.4783042231626,6.55559298682335e-10
"49_22258513",49,22258513,"C","A",88.7005069059987,12.4783042231626,6.55559298682335e-10
"49_22259312",49,22259312,"T","G",-88.7005069059996,12.4783042231638,6.55559298684046e-10
"49_22268147",49,22268147,"G","C",88.7005069059987,12.4783042231626,6.55559298682335e-10
"49_22281901",49,22281901,"C","T",-80.2727383245383,11.6097205460119,1.50160294846581e-09
"49_22287839",49,22287839,"T","C",88.7005069059987,12.4783042231626,6.55559298682335e-10
"49_22295149",49,22295149,"G","A",81.8545148245425,11.5106393915881,6.47678118518869e-10
"49_22303378",49,22303378,"A","G",88.7005069059987,12.4783042231626,6.55559298682335e-10
"49_22312798",49,22312798,"T","A",88.7005069059987,12.4783042231626,6.55559298682335e-10
"49_22323554",49,22323554,"C","A",88.7005069059987,12.4783042231626,6.55559298682335e-10
"49_22330414",49,22330414,"G","C",88.7005069059987,12.4783042231626,6.55559298682335e-10
"49_22338065",49,22338065,"A","T",-88.7005069059996,12.4783042231638,6.55559298684046e-10
"49_22340187",49,22340187,"T","A",88.7005069059987,12.4783042231626,6.55559298682335e-10
"49_22340191",49,22340191,"T","A",88.7005069059987,12.4783042231626,6.55559298682335e-10
"49_22341985",49,22341985,"G","A",88.7005069059987,12.4783042231626,6.55559298682335e-10
"49_22349746",49,22349746,"C","G",80.2727383245369,11.6097205460144,1.50160294847605e-09
"49_22361085",49,22361085,"C","T",88.7005069059987,12.4783042231626,6.55559298682335e-10
"49_22363708",49,22363708,"T","G",88.7005069059987,12.4783042231626,6.55559298682335e-10
"49_22364186",49,22364186,"T","C",80.2727383245369,11.6097205460144,1.50160294847605e-09
"49_22364211",49,22364211,"A","T",88.7005069059987,12.4783042231626,6.55559298682335e-10
"49_22381818",49,22381818,"A","T",88.7005069059987,12.4783042231626,6.55559298682335e-10
"49_22389911",49,22389911,"T","A",-88.7005069059996,12.4783042231638,6.55559298684046e-10
"49_22391682",49,22391682,"T","C",88.7005069059987,12.4783042231626,6.55559298682335e-10
"49_22395888",49,22395888,"A","G",80.2727383245369,11.6097205460144,1.50160294847605e-09
"49_22418990",49,22418990,"T","A",-80.2727383245383,11.6097205460119,1.50160294846581e-09
"49_22421362",49,22421362,"C","G",88.7005069059987,12.4783042231626,6.55559298682335e-10
"49_22426190",49,22426190,"C","A",80.2727383245369,11.6097205460144,1.50160294847605e-09
"49_22452388",49,22452388,"G","T",88.7005069059987,12.4783042231626,6.55559298682335e-10
"49_22525308",49,22525308,"T","A",88.7005069059987,12.4783042231626,6.55559298682335e-10
"49_22536564",49,22536564,"C","T",88.7005069059987,12.4783042231626,6.55559298682335e-10
"49_22536995",49,22536995,"G","A",88.7005069059987,12.4783042231626,6.55559298682335e-10
"49_22554782",49,22554782,"G","C",80.2727383245369,11.6097205460144,1.50160294847605e-09
"49_22611076",49,22611076,"C","T",88.7005069059987,12.4783042231626,6.55559298682335e-10
"49_22618530",49,22618530,"C","G",88.7005069059987,12.4783042231626,6.55559298682335e-10
